{
  "timestamp": "2025-12-13 14:30:51",
  "iterations": 3,
  "streaming": true,
  "results": {
    "trtllm-qwen3-30b-fp4": {
      "short": {
        "ttft_avg": 0.05005230833254851,
        "ttft_std": 0.032020074730656795,
        "tps_avg": 35.01439200150158,
        "tps_std": 0.7897973505915107,
        "total_time_avg": 2.9440969249990303,
        "iterations": 3
      },
      "medium": {
        "ttft_avg": 0.037860008333761165,
        "ttft_std": 0.022513153806066315,
        "tps_avg": 34.718779365968196,
        "tps_std": 0.15157380580936985,
        "total_time_avg": 8.83237357666682,
        "iterations": 3
      },
      "long": {
        "ttft_avg": 0.06367215533343067,
        "ttft_std": 0.06450614709572125,
        "tps_avg": 34.94772372764205,
        "tps_std": 0.5274515058344291,
        "total_time_avg": 14.895915082666761,
        "iterations": 3
      }
    }
  }
}