{
  "timestamp": "2025-12-13 14:43:41",
  "iterations": 3,
  "streaming": true,
  "results": {
    "trtllm-qwen3-32b-fp4": {
      "short": {
        "ttft_avg": 0.10785875600049621,
        "ttft_std": 0.00958741566311249,
        "tps_avg": 8.406415692551903,
        "tps_std": 0.007998908667443738,
        "total_time_avg": 12.24145591933302,
        "iterations": 3
      },
      "medium": {
        "ttft_avg": 0.10359572133408317,
        "ttft_std": 0.00400617752431368,
        "tps_avg": 8.301425553674669,
        "tps_std": 0.026490723632536604,
        "total_time_avg": 36.964985255667365,
        "iterations": 3
      },
      "long": {
        "ttft_avg": 0.10623781866646216,
        "ttft_std": 0.007919189333595601,
        "tps_avg": 8.335917666131916,
        "tps_std": 0.0028009524381330366,
        "total_time_avg": 61.647157386000494,
        "iterations": 3
      }
    }
  }
}